insert into film (id, title, duration, price)
values ('fb85cc2e-f453-45bb-92a2-fdc21ec431f2', 'Мертвец', 7200, 150),
       ('8ba5e81c-1686-4327-82e2-6a6eb8966355', 'Страх и ненависть в Лас-Вегасе', 9000, 200),
       ('c7726e11-569a-4abd-af15-e97f66584801', 'Бегущий по лезвию', 75600, 200)
;

insert into cinema_room (id, title, rating)
values ('fb85cc2e-f453-45bb-92a2-fdc21ec431f2', 'Красный', 1),
       ('8ba5e81c-1686-4327-82e2-6a6eb8966355', 'Синий', 0.9),
       ('c7726e11-569a-4abd-af15-e97f66584801', 'Vip', 2)
;

insert into cinema_room_seat (id, row, place, cinema_room_id, rating)
values ('5fd974b6-f70a-4e2e-8737-4f1dca34f23c', 1, 1, 'fb85cc2e-f453-45bb-92a2-fdc21ec431f2', 1),
       ('2791e232-aaaa-4edb-86a7-81090f2f01fc', 1, 2, 'fb85cc2e-f453-45bb-92a2-fdc21ec431f2', 1),
       ('09dbf369-262f-45f8-bf48-d5dac88aff95', 1, 3, 'fb85cc2e-f453-45bb-92a2-fdc21ec431f2', 1),
       ('3ead8f0d-a822-4c2b-93f0-4ebf01bf0f87', 1, 4, 'fb85cc2e-f453-45bb-92a2-fdc21ec431f2', 1),
       ('36e3f500-d752-4121-805d-c35305933ab7', 1, 5, 'fb85cc2e-f453-45bb-92a2-fdc21ec431f2', 1),
       ('794f1262-39d3-40c0-9239-9d77992e2c14', 1, 6, 'fb85cc2e-f453-45bb-92a2-fdc21ec431f2', 1),
       ('f5cfae10-2d05-4d19-90a2-4bceb240f33f', 1, 7, 'fb85cc2e-f453-45bb-92a2-fdc21ec431f2', 1),
       ('3ef7f8d8-c685-4fb9-a90c-0620f106de09', 1, 8, 'fb85cc2e-f453-45bb-92a2-fdc21ec431f2', 1),
       ('4af5f96b-01ae-4254-9721-516598979ec5', 1, 9, 'fb85cc2e-f453-45bb-92a2-fdc21ec431f2', 1),
       ('e77537c6-28e0-4dc4-a6d2-377c2c0d4361', 1, 10, 'fb85cc2e-f453-45bb-92a2-fdc21ec431f2', 1),

       ('3668cade-f3f3-4e77-a3b2-328e9411fbb2', 1, 1, '8ba5e81c-1686-4327-82e2-6a6eb8966355', 1),
       ('bbedd22d-93b7-42b3-ae38-6ca8270386c9', 1, 2, '8ba5e81c-1686-4327-82e2-6a6eb8966355', 1),
       ('82ba5b6b-ae65-47fc-8af4-c95ace026719', 1, 3, '8ba5e81c-1686-4327-82e2-6a6eb8966355', 1.5),
       ('77fe72d2-cc37-4315-a90e-dfa953748c3f', 1, 4, '8ba5e81c-1686-4327-82e2-6a6eb8966355', 1.5),
       ('b58db526-c27f-4d0c-97c6-c15601951500', 1, 5, '8ba5e81c-1686-4327-82e2-6a6eb8966355', 1.5),
       ('90948ff4-6111-4a8b-8e00-e810ae13203a', 1, 6, '8ba5e81c-1686-4327-82e2-6a6eb8966355', 1.5),
       ('51db1cfc-610e-458e-9807-5b3bb009fb12', 1, 7, '8ba5e81c-1686-4327-82e2-6a6eb8966355', 1.5),
       ('9246c7ea-17a5-4a46-925e-c1d1db09a374', 1, 8, '8ba5e81c-1686-4327-82e2-6a6eb8966355', 1.5),
       ('1fef6c52-c67d-448d-a430-093a86541cfb', 1, 9, '8ba5e81c-1686-4327-82e2-6a6eb8966355', 1),
       ('399273fa-4bdb-467c-a713-a8f22fcd3eec', 1, 10, '8ba5e81c-1686-4327-82e2-6a6eb8966355', 1),

       ('d2c99d85-906d-471c-bd21-6d16ec626648', 1, 1, 'c7726e11-569a-4abd-af15-e97f66584801', 2),
       ('de83b328-bc78-4726-844f-4751f66bbf5a', 1, 2, 'c7726e11-569a-4abd-af15-e97f66584801', 2),
       ('1d26a7b2-7085-4710-916b-33aad37220e5', 1, 3, 'c7726e11-569a-4abd-af15-e97f66584801', 2),
       ('f544b1a8-dbb6-42b5-91d3-f5e6a8259d2c', 1, 4, 'c7726e11-569a-4abd-af15-e97f66584801', 2),
       ('c85dc7a1-0823-47aa-b215-4de957edc919', 1, 5, 'c7726e11-569a-4abd-af15-e97f66584801', 2)
;
insert into session_rating (id, rating)
values ('87fa774a-bf48-4165-a259-b7cf24cfb561', 1),
       ('4b903514-fce7-48d4-b152-4de0434b13db', 1.5),
       ('ed2fc60e-86dd-4db2-8822-aaa9fcb04bc8', 2)
;



insert into session (id, start_from, end_to, film_id, rating_id, cinema_room_id)
values ('fe3bfb67-2cd0-490b-9557-2db234427519',
        '2025-04-01 10:00:00',
        '2025-04-01 12:30:00',
        'fb85cc2e-f453-45bb-92a2-fdc21ec431f2',
        '87fa774a-bf48-4165-a259-b7cf24cfb561',
        'fb85cc2e-f453-45bb-92a2-fdc21ec431f2'),
       ('5d8e49b9-570d-481f-a2fd-c7d70d50c264',
        '2025-04-01 13:00:00',
        '2025-04-01 16:00:00',
        'fb85cc2e-f453-45bb-92a2-fdc21ec431f2',
        '4b903514-fce7-48d4-b152-4de0434b13db',
        'fb85cc2e-f453-45bb-92a2-fdc21ec431f2'),
       ('d14f4d07-88a6-4213-917c-c596c12535b3',
        '2025-04-01 16:30:00',
        '2025-04-01 19:00:00',
        'fb85cc2e-f453-45bb-92a2-fdc21ec431f2',
        'ed2fc60e-86dd-4db2-8822-aaa9fcb04bc8',
        'fb85cc2e-f453-45bb-92a2-fdc21ec431f2'),
       ('6a109530-dbe8-46e4-bd40-34dd42a3baa7',
        '2025-04-01 19:30:00',
        '2025-04-01 22:00:00',
        'fb85cc2e-f453-45bb-92a2-fdc21ec431f2',
        'ed2fc60e-86dd-4db2-8822-aaa9fcb04bc8',
        'fb85cc2e-f453-45bb-92a2-fdc21ec431f2'),

       ('76d4c987-d86c-47ba-8aa8-9c43660bf605',
        '2025-04-01 10:00:00',
        '2025-04-01 13:30:00',
        '8ba5e81c-1686-4327-82e2-6a6eb8966355',
        '87fa774a-bf48-4165-a259-b7cf24cfb561',
        '8ba5e81c-1686-4327-82e2-6a6eb8966355'),
       ('10be9889-c250-4ccd-a10a-d54be2229b18',
        '2025-04-01 14:00:00',
        '2025-04-01 17:30:00',
        '8ba5e81c-1686-4327-82e2-6a6eb8966355',
        '4b903514-fce7-48d4-b152-4de0434b13db',
        '8ba5e81c-1686-4327-82e2-6a6eb8966355'),
       ('91b4bc62-7075-4f4d-92a8-0cb51e929b58',
        '2025-04-01 18:00:00',
        '2025-04-01 21:30:00',
        '8ba5e81c-1686-4327-82e2-6a6eb8966355',
        'ed2fc60e-86dd-4db2-8822-aaa9fcb04bc8',
        '8ba5e81c-1686-4327-82e2-6a6eb8966355'),
       ('edb06b13-e4fc-4eec-a622-2fcf472cdb5c',
        '2025-04-01 22:00:00',
        '2025-04-02 01:30:00',
        '8ba5e81c-1686-4327-82e2-6a6eb8966355',
        '4b903514-fce7-48d4-b152-4de0434b13db',
        '8ba5e81c-1686-4327-82e2-6a6eb8966355'),

       ('a1a549b1-408c-4354-810a-7a2e590a521e',
        '2025-04-01 10:00:00',
        '2025-04-01 12:30:00',
        'c7726e11-569a-4abd-af15-e97f66584801',
        '87fa774a-bf48-4165-a259-b7cf24cfb561',
        'c7726e11-569a-4abd-af15-e97f66584801'),
       ('2d6ac3e5-76a5-4902-8714-a90706104280',
        '2025-04-01 13:00:00',
        '2025-04-01 15:30:00',
        'c7726e11-569a-4abd-af15-e97f66584801',
        '87fa774a-bf48-4165-a259-b7cf24cfb561',
        'c7726e11-569a-4abd-af15-e97f66584801'),
       ('3e30d757-bfbf-4e1f-ab02-65eae586f045',
        '2025-04-01 16:00:00',
        '2025-04-01 18:30:00',
        'c7726e11-569a-4abd-af15-e97f66584801',
        '4b903514-fce7-48d4-b152-4de0434b13db',
        'c7726e11-569a-4abd-af15-e97f66584801'),
       ('e1a7f2ad-07db-429b-b2a5-50f8e19d1958',
        '2025-04-01 19:00:00',
        '2025-04-01 21:00:00',
        'c7726e11-569a-4abd-af15-e97f66584801',
        'ed2fc60e-86dd-4db2-8822-aaa9fcb04bc8',
        'c7726e11-569a-4abd-af15-e97f66584801')
;

insert into ticket (id, price, seat_id, session_id)
values ('ed8feaf4-0c76-47b5-96ed-8764b7c5ea1e',
        300,
        '5fd974b6-f70a-4e2e-8737-4f1dca34f23c',
        'fe3bfb67-2cd0-490b-9557-2db234427519'),
       ('50fb2e9d-affc-4e1d-9661-a5361bc84b83',
        350,
        '5fd974b6-f70a-4e2e-8737-4f1dca34f23c',
        '5d8e49b9-570d-481f-a2fd-c7d70d50c264'),
       ('987f9a17-2428-4870-bd9c-2a88286fcc04',
        350,
        '5fd974b6-f70a-4e2e-8737-4f1dca34f23c',
        'd14f4d07-88a6-4213-917c-c596c12535b3'),
       ('da58efa5-1f05-4a67-b372-1c818d546ece',
        300,
        '5fd974b6-f70a-4e2e-8737-4f1dca34f23c',
        '6a109530-dbe8-46e4-bd40-34dd42a3baa7'),

       ('91e4c94c-506d-4e47-9f68-86a49e752f44',
        200,
        '3668cade-f3f3-4e77-a3b2-328e9411fbb2',
        '76d4c987-d86c-47ba-8aa8-9c43660bf605'),
       ('2ceb5f9d-5499-4666-bff9-b9e597d9920e',
        250,
        '3668cade-f3f3-4e77-a3b2-328e9411fbb2',
        '10be9889-c250-4ccd-a10a-d54be2229b18'),
       ('df4a5cf9-c04f-49f6-9c09-aa21ab2a71ab',
        300,
        '3668cade-f3f3-4e77-a3b2-328e9411fbb2',
        '91b4bc62-7075-4f4d-92a8-0cb51e929b58'),
       ('0d72db7a-14c7-4cac-a10a-4d850b85fe76',
        350,
        '3668cade-f3f3-4e77-a3b2-328e9411fbb2',
        'edb06b13-e4fc-4eec-a622-2fcf472cdb5c'),

       ('4bc93f89-63f3-4140-a390-e9640b184d7f',
        500,
        'd2c99d85-906d-471c-bd21-6d16ec626648',
        'a1a549b1-408c-4354-810a-7a2e590a521e'),
       ('8c97f74e-e4b9-4f26-85bc-8b5c32d4d17b',
        600,
        'd2c99d85-906d-471c-bd21-6d16ec626648',
        '2d6ac3e5-76a5-4902-8714-a90706104280'),
       ('55566687-2bc0-4511-b88e-459b2cca655d',
        700,
        'd2c99d85-906d-471c-bd21-6d16ec626648',
        '3e30d757-bfbf-4e1f-ab02-65eae586f045'),
       ('8a8f5a76-dc8f-456c-a198-2b19ae28e7a4',
        500,
        'd2c99d85-906d-471c-bd21-6d16ec626648',
        'e1a7f2ad-07db-429b-b2a5-50f8e19d1958')
;
